"member_for","member_rev_comma","member_rev_no_comma","member_first","member_last"
"Aidan Davitt","Davitt, Aidan","Davitt Aidan","Aidan","Davitt"
"Aisling Dolan","Dolan, Aisling","Dolan Aisling","Aisling","Dolan"
"Alice-Mary Higgins","Higgins, Alice-Mary","Higgins Alice-Mary","Alice-Mary","Higgins"
"Annie Hoey","Hoey, Annie","Hoey Annie","Annie","Hoey"
"Barry Ward","Ward, Barry","Ward Barry","Barry","Ward"
"Catherine Ardagh","Ardagh, Catherine","Ardagh Catherine","Catherine","Ardagh"
"David Norris","Norris, David","Norris David","David","Norris"
"Denis O'Donovan","O'Donovan, Denis","O'Donovan Denis","Denis","O'Donovan"
"Diarmuid Wilson","Wilson, Diarmuid","Wilson Diarmuid","Diarmuid","Wilson"
"Eileen Flynn","Flynn, Eileen","Flynn Eileen","Eileen","Flynn"
"Elisha McCallion","McCallion, Elisha","McCallion Elisha","Elisha","McCallion"
"Emer Currie","Currie, Emer","Currie Emer","Emer","Currie"
"Erin McGreehan","McGreehan, Erin","McGreehan Erin","Erin","McGreehan"
"Eugene Murphy","Murphy, Eugene","Murphy Eugene","Eugene","Murphy"
"Fintan Warfield","Warfield, Fintan","Warfield Fintan","Fintan","Warfield"
"Fiona O'Loughlin","O'Loughlin, Fiona","O'Loughlin Fiona","Fiona","O'Loughlin"
"Frances Black","Black, Frances","Black Frances","Frances","Black"
"Garret Ahearn","Ahearn, Garret","Ahearn Garret","Garret","Ahearn"
"Gerard P Craughwell","Craughwell, Gerard P","Craughwell Gerard P","Gerard P","Craughwell"
"Gerry Horkan","Horkan, Gerry","Horkan Gerry","Gerry","Horkan"
"Ivana Bacik","Bacik, Ivana","Bacik Ivana","Ivana","Bacik"
"Jerry Buttimer","Buttimer, Jerry","Buttimer Jerry","Jerry","Buttimer"
"Joe O'Reilly","O'Reilly, Joe","O'Reilly Joe","Joe","O'Reilly"
"John Cummins","Cummins, John","Cummins John","John","Cummins"
"John McGahon","McGahon, John","McGahon John","John","McGahon"
"Lisa Chambers","Chambers, Lisa","Chambers Lisa","Lisa","Chambers"
"Lorraine Clifford-Lee","Clifford-Lee, Lorraine","Clifford-Lee Lorraine","Lorraine","Clifford-Lee"
"Lynn Boylan","Boylan, Lynn","Boylan Lynn","Lynn","Boylan"
"Lynn Ruane","Ruane, Lynn","Ruane Lynn","Lynn","Ruane"
"Malcolm Byrne","Byrne, Malcolm","Byrne Malcolm","Malcolm","Byrne"
"Maria Byrne","Byrne, Maria","Byrne Maria","Maria","Byrne"
"Marie Sherlock","Sherlock, Marie","Sherlock Marie","Marie","Sherlock"
"Mark Daly","Daly, Mark","Daly Mark","Mark","Daly"
"Mark Wall","Wall, Mark","Wall Mark","Mark","Wall"
"Martin Conway","Conway, Martin","Conway Martin","Martin","Conway"
"Mary Fitzpatrick","Fitzpatrick, Mary","Fitzpatrick Mary","Mary","Fitzpatrick"
"Mary Seery Kearney","Seery Kearney, Mary","Seery Kearney Mary","Mary","Seery Kearney"
"Michael D'Arcy","D'Arcy, Michael","D'Arcy Michael","Michael","D'Arcy"
"Michael McDowell","McDowell, Michael","McDowell Michael","Michael","McDowell"
"Micheál Carrigy","Carrigy, Micheál","Carrigy Micheál","Micheál","Carrigy"
"Ned O'Sullivan","O'Sullivan, Ned","O'Sullivan Ned","Ned","O'Sullivan"
"Niall Blaney","Blaney, Niall","Blaney Niall","Niall","Blaney"
"Niall Ó Donnghaile","Ó Donnghaile, Niall","Ó Donnghaile Niall","Niall","Ó Donnghaile"
"Ollie Crowe","Crowe, Ollie","Crowe Ollie","Ollie","Crowe"
"Paddy Burke","Burke, Paddy","Burke Paddy","Paddy","Burke"
"Pat Casey","Casey, Pat","Casey Pat","Pat","Casey"
"Paul Daly","Daly, Paul","Daly Paul","Paul","Daly"
"Paul Gavan","Gavan, Paul","Gavan Paul","Paul","Gavan"
"Pauline O'Reilly","O'Reilly, Pauline","O'Reilly Pauline","Pauline","O'Reilly"
"Pippa Hackett","Hackett, Pippa","Hackett Pippa","Pippa","Hackett"
"Rebecca Moynihan","Moynihan, Rebecca","Moynihan Rebecca","Rebecca","Moynihan"
"Regina Doherty","Doherty, Regina","Doherty Regina","Regina","Doherty"
"Robbie Gallagher","Gallagher, Robbie","Gallagher Robbie","Robbie","Gallagher"
"Róisín Garvey","Garvey, Róisín","Garvey Róisín","Róisín","Garvey"
"Rónán Mullen","Mullen, Rónán","Mullen Rónán","Rónán","Mullen"
"Seán Kyne","Kyne, Seán","Kyne Seán","Seán","Kyne"
"Shane Cassells","Cassells, Shane","Cassells Shane","Shane","Cassells"
"Sharon Keogan","Keogan, Sharon","Keogan Sharon","Sharon","Keogan"
"Tim Lombard","Lombard, Tim","Lombard Tim","Tim","Lombard"
"Timmy Dooley","Dooley, Timmy","Dooley Timmy","Timmy","Dooley"
"Victor Boyhan","Boyhan, Victor","Boyhan Victor","Victor","Boyhan"
"Vincent P Martin","Martin, Vincent P","Martin Vincent P","Vincent P","Martin"
